variable,lower,upper
roa,-0.08908366619312627,0.3300247443724089
debt_to_assets,0.03965310250605084,0.8999627749677886
current_ratio,0.42008209039979966,19.06228460175637
quick_ratio,0.16050930166717253,17.013804421666094
asset_turnover,0.0318439097453941,7.361084891946144
gross_margin,-0.027799117776835525,0.7042776920416127
log_total_assets,24.491515734567955,32.0191835090835
