Method,Coefficient,Std_Error,p-value,CI_lower,CI_upper
DML-PLR (LassoCV),-0.001138159224753644,0.0016520601050615048,0.4908652408251919,-0.0043761375309696515,0.002099819081462363
DML-PLR (ElasticNetCV),-0.0010614943386753509,0.0016415790717584694,0.5178714120647889,-0.004313431893193149,0.0021559415197459422
Traditional OLS (Fixed Effects),-0.0015803979975728827,0.0017066360799843346,0.35442984529184207,-0.0049253432490587975,0.001764547253913032
